id,cid,account_id,create_date
72961470-d7f1-478d-afff-625c5ad24da1,264,110394217,2019-12-13
c455290b-cb3e-4faf-af0b-172f16878087,102,110755648,2019-06-29
6bacf9ea-7e67-4e99-85e7-30f1cf1b377f,188,110183808,2019-06-28
9cbe5edb-c92b-41aa-8d0b-7e97d9c7e71a,90,110076569,2021-11-17
362cf320-c691-40cb-84da-b5a0da514024,167,110781578,2015-10-30
9d10c827-745b-40c3-959a-65b7ef47c0de,410,110095804,2021-08-25
18bacdc5-00b4-46c2-ae1f-3e7dd89b671b,118,110760286,2017-08-15
54b2abab-b0c7-474b-9183-dad53aab4974,490,110432709,2018-07-25
b2b394ed-fb54-40b5-a143-730baec8cd5f,52,110749781,2016-03-20
d9876ef7-fd04-44c5-8e89-08838057221f,196,110141821,2015-12-09
ccc49116-ee31-4089-9b40-29572e5a4c93,336,110020937,2020-01-31
c865d38c-1216-44f7-8f24-8600b10b9fac,452,110735909,2020-02-08
591d361b-49e4-48f1-9393-5b50e0c0bc39,433,110744634,2019-08-14
cb9e4dc9-a26f-4944-ad07-14b8232702d2,55,110067138,2018-11-01
65c883b7-5bc0-472a-8040-03bc062c451e,150,110789605,2016-02-12
04151cf4-3b3c-4d1c-a558-1410f182a7cf,73,110464250,2018-11-30
37776725-dadc-4465-b5a5-adf3311fda78,255,110849217,2019-11-06
aa05d6fe-ae90-4eae-bcae-ac4313a3b95d,487,110068768,2018-09-29
97371d66-45b0-4a20-87d5-e75efa8e8c0c,211,110935104,2020-08-03
1c4a6d74-15dd-4ab4-84eb-9b8261bb6f2f,19,110836807,2021-05-06
2b9b2fa0-97fb-44ab-9e3b-6eda2a283c8f,439,110869391,2018-04-11
75f26814-1ffa-4c5a-bff3-b7720b6024a2,447,110947020,2020-08-24
c1ebc287-375c-4789-8323-ed0771551558,62,110730395,2018-09-08
dfff9039-cda5-43ee-bcfd-23410db4a439,482,110731804,2015-09-27
1c4fda3a-738d-40fa-8317-139971a7476a,441,110388676,2022-03-29
ef01a7b5-8ff6-463f-a300-42779d03f037,65,110018909,2017-12-13
8b4e51cb-0a55-412b-9b15-5834ab52fed7,245,110537642,2018-11-07
36eededb-bcdf-4616-aebd-df1f2c76b994,96,110317851,2022-01-24
0bba63e9-d1a5-4650-bfba-ac703e301817,100,110233265,2015-10-28
0b5852d1-4b63-4878-a6bf-659dbed9b4e6,489,110672659,2021-06-06
ebee44bd-4f4b-4836-8e60-b7f2fd1d286d,333,110018571,2015-11-21
54e1ce0f-a1b9-428d-bc2e-0a10becc8e83,255,110759695,2019-02-13
f38d0a3d-cd24-44b2-92db-109cc9cd1b01,222,110617901,2017-06-30
9a2cb69a-78b1-4b3b-8a15-eeab46e182f7,470,110988126,2018-08-10
7f9b629f-95bf-4784-985d-5af4e9bbc785,261,110464664,2019-06-07
bfc9b3f3-955e-401a-a2a6-7482dd8fb64a,410,110199904,2019-03-07
698ec3fc-e544-4b6b-8730-668f36f9abb8,211,110317873,2021-04-29
0b35aa4e-9e72-4086-bd68-8960833c8d3b,265,110378426,2016-12-24
b262996f-cbfc-474d-b40b-b5a1bc61cd34,373,110295444,2015-09-21
45f058c3-0188-4be1-9397-ed0b2ec42e9a,387,110318295,2022-03-16
ba1ed3e8-8413-419f-975d-909de4ff24c8,332,110591304,2018-11-19
50ad0ace-9b71-475f-9924-a19eca46e840,63,110325140,2017-01-19
cb74d8a1-6930-445a-9701-f45137dcf420,369,110498742,2022-02-03
c27a97c5-cb84-45ad-bfea-bea894ecbac0,105,110221742,2020-07-31
966521e9-a009-4ed2-86e2-ec8caaed6477,73,110067184,2017-02-17
a44b4c84-90c0-4a3f-bdee-c6bfa6fe4f19,167,110032042,2019-08-13
98ec038a-d5a4-4ea1-8f12-ee108ea20322,343,110841901,2017-02-20
7003150e-e9d4-4e21-9621-dbfe512e2ac0,156,110758891,2020-03-18
5884d085-e3ef-421e-ae29-16af6ea9eb41,228,110799821,2017-09-24
59508718-abd4-4bca-9431-bd67363b1490,74,110333532,2019-09-17
4c965ed4-afa2-432a-8adf-2314e28d73ee,415,110529250,2022-05-27
21eaced4-fadc-4b78-aab5-031cc1c22f68,252,110066564,2021-12-10
f8a0cf3c-a32a-4cd1-830b-23dafa51ed0c,1,110808212,2016-05-14
bf42b814-97a2-4f71-8daa-fe6253225eca,162,110087947,2020-01-29
378180b3-05a1-4ab5-a3e2-cb94e25c9ebf,372,110304741,2018-07-24
ee9478af-3678-461c-9bb6-5e121673af20,47,110711505,2020-01-31
9e8bbaf7-2e32-42b5-b8dc-01cbb01d0f54,137,110579658,2020-03-17
8c99ee3b-5437-40bd-808e-c88e9eb2df33,69,110426431,2021-11-15
f4a1841f-6f68-46d7-997a-04149903b4c4,418,110942483,2021-07-13
84afb441-2403-4cfd-b70f-fa8f61161cfa,433,110481056,2020-06-02
68b0d8fb-1bb0-4917-aaf4-e5bcfa14047b,416,110270819,2021-11-01
840e16d6-43b2-47ac-a5c9-21fc578bbe2f,410,110563209,2020-06-25
b00f7a02-2926-4705-9f58-bbc5a338c0d8,13,110886985,2019-03-01
eb359dcd-14b0-4e1f-9acf-1b6bcaa30148,88,110025425,2016-07-30
f62740ee-ce30-408b-952b-6bc37a857130,59,110455617,2020-09-29
4c933068-18fc-4ea7-b913-cfcd0e84695d,32,110256967,2018-10-28
db3edf72-2a4b-4848-8301-18cf4088a0d3,221,110023922,2018-05-20
c8e9ddbc-732b-43a7-b385-8dc251364930,360,110013066,2018-07-30
4de7e895-ee5e-4cb4-bbfd-f1da2adc2298,347,110060323,2018-09-05
8e6f11a2-c39e-46fa-86e0-8f3314f9707f,437,110606072,2016-06-23
a981d433-01a4-40bc-9328-2022c4e069a9,446,110124669,2022-06-01
ab062dca-936e-4bbd-b86e-a85084fab4bf,109,110481097,2018-03-12
715ad89d-f441-4fb7-8e29-1239a9c0bcab,415,110469285,2019-06-08
4d79d71c-6c15-4b24-af84-38d864eda4a9,373,110376572,2018-11-04
d5c3fb9d-0882-4b61-8ccd-fbf2e3ffa9e0,235,110351631,2015-08-04
fe5070a7-0efa-40d8-b930-b89f31f5f40b,88,110188876,2020-03-18
51831a52-a818-4569-8115-a869a6298754,23,110283983,2016-10-15
3540dd91-631a-43ed-94f2-1d7c1c2ceba2,82,110523862,2022-04-02
acc384b7-4888-4a83-a230-eca9976e28e8,167,110765008,2021-12-29
3ac1cca0-f111-4a33-a8c0-94774984bd7f,476,110115304,2020-03-12
8a1cadfd-4f4f-4963-bf92-9850f8147722,60,110029524,2019-09-24
784b069b-4115-41f2-80ad-57293076f00c,245,110475746,2019-08-24
b6fff7be-9946-4148-a6ab-4eafd3c1f67d,76,110591298,2018-01-24
3a736239-fd4a-4510-af69-cbdc72480108,378,110391438,2019-07-05
68685f7f-651d-49fc-bbf7-edbac89f9e5c,114,110585214,2019-05-31
167ca74f-5097-4cdb-b975-a29ea27b33da,240,110943826,2018-12-01
81eb3dd1-5583-4785-9694-4853906b6f85,278,110490741,2017-03-21
4e9d8b06-7c41-4e3f-8913-5125f204598d,141,110714429,2015-07-17
f99c6f77-fdab-4dd9-a1f1-77b3247e3a0e,384,110762582,2020-08-11
aae6886b-d89c-432a-a051-ac48b9420136,275,110971011,2018-02-04
2a83eab6-698a-4c79-a87c-e91a91d20e0d,270,110545574,2019-08-31
a72facb8-09a2-4793-a5c9-63327a1c2a00,99,110819034,2020-02-23
a35ce4fe-b025-4436-94b8-6a05bb4560b2,427,110843333,2020-06-18
8484bba4-1152-4fe0-a8c3-1a35d9edff5f,275,110864651,2020-11-03
9cf8bc6b-ca9d-4cb7-820e-64ef35447360,369,110456048,2019-09-03
f0ebfec4-6f6f-4308-a6e8-369fecc4cfe2,146,110250674,2016-07-23
35234ca9-4d7f-4d19-8809-f712ed208e6a,71,110858629,2016-04-30
009ef4ea-1dbb-48d5-ae1a-bc80992241a5,289,110890857,2016-04-26
f05b27d8-563e-4db5-b859-2ea580eab861,370,110602562,2016-12-13
f26f8f8d-cb76-4161-a9eb-4cbbe7210faa,235,110139587,2016-12-04
944f7312-2d42-44b1-8cb6-f1fdaaf125b9,337,110456878,2018-01-17
27bff901-0c69-4375-9e19-8224defd7bcc,480,110669641,2015-11-07
3eaf5abd-2965-4beb-97e5-628e5a5d2252,24,110825644,2020-05-14
850dbf26-126b-40e9-8d7e-5f70386546ae,153,110325255,2020-06-19
b3bd22f2-4838-41fa-a039-93082874bb4b,173,110673442,2019-07-14
5cd97c0e-b155-4ea9-8a9b-61b40589f5dd,228,110775217,2020-01-01
9adff8e0-8da4-4852-b58a-478be2848cbf,326,110660387,2021-07-20
c8d9c3e6-74a9-49e7-84ad-e7a396cbcf77,228,110121281,2021-10-08
abe84bff-7333-448d-94cf-3b6a5935df49,483,110286248,2016-03-29
a0c9c9be-7b60-486e-9d19-156567168483,209,110856266,2021-07-12
b4bb6e2c-7eec-4620-bcfe-cea29fee7ce5,27,110615577,2015-08-13
fa77752b-1d3b-4347-b823-4eddfc0e8105,133,110597335,2018-11-21
148a7e97-2659-4e64-980f-13158aa5e919,139,110283815,2019-12-15
c47edc6e-4459-435b-8c97-60a8d9287bd5,170,110942445,2020-01-19
fe4729a7-23a6-48cd-a146-d1060fa538ca,233,110475062,2017-03-29
22e8a23d-a0c0-4629-ad46-bff37316a3c9,259,110351361,2016-01-15
2bddb82b-7cc2-485a-a7b7-c2a374514b06,247,110740480,2015-12-17
2a70f745-a9a3-4755-936b-42d1a541c391,441,110197876,2017-10-05
6b794540-5466-4d0e-8bb2-fbb448e302b6,331,110339792,2017-04-23
c5af575b-717b-4ad8-a956-2e1139f3e144,445,110547203,2017-12-06
d78a8a76-a979-4627-be5f-952da9e419d6,146,110693876,2019-10-10
1ccd9ca6-4a35-4721-b55d-23903321134a,375,110529027,2018-07-31
38ff77c4-41fd-4ae6-9236-b23640b48255,469,110295836,2016-06-15
5aeb0888-cdf0-4686-81c1-5aca39ff1a64,371,110834793,2015-12-17
11a93e07-005d-4a23-92b1-b365104e93d2,362,110879965,2018-02-11
1f7ccacb-732e-4464-a46d-c5c614c982eb,231,110668901,2015-09-30
b2ba1a4c-3f0a-4901-9b17-761dff409b6c,118,110261586,2017-05-19
4377c218-b4e9-4970-9549-b996848f253a,301,110479513,2017-10-12
605a091a-a0c0-42ca-97d4-aa95341a55b1,465,110705765,2021-06-03
f6d8297b-1107-4f3d-be4c-05baf9d6d8be,179,110117476,2020-07-29
cd0ed38e-961e-4564-bcd3-0023f973f82a,329,110906781,2018-06-12
3cc8fdfc-0a54-43cf-80e2-3488a6d68fa8,74,110755400,2017-03-01
888e5c12-dd83-4e9b-ae76-d4b6c6ae6610,134,110978709,2021-11-04
d3bdabc6-2cc5-4979-b226-8e9e2add8856,194,110489449,2022-01-13
06abad48-d0fb-44fd-81f3-1d2c8679e5c9,357,110508587,2021-11-08
e184ef6d-e719-4c76-8e8b-fa8474a6edb5,236,110532782,2018-04-04
eaa7ad0c-06a5-41e1-8c66-64ceb1cc77fa,445,110125752,2017-01-28
cfc81928-d71d-4a82-92e9-2ca59ce00d7d,221,110536365,2017-06-10
d026b246-990a-4867-8e29-4d8dbe29aa40,456,110756064,2015-08-08
3e808ee7-c71a-4ff8-ba6f-45018c5e6b6b,235,110563098,2017-05-08
cb168f0f-d658-45bb-a069-392092ba0e3a,500,110082031,2015-11-05
a6686e98-bea5-45e1-afff-89297d83daab,43,110836768,2021-06-15
3a30f62e-7417-4e16-8590-bed9b631b48c,242,110779448,2019-09-17
c17b2e8e-b43b-4f0e-8d73-61b8e4846836,351,110159966,2020-03-06
1822a9ea-f8c7-48c8-af8f-444390560bba,257,110279391,2021-11-21
6bd36740-924e-4ffe-a732-987d8286652b,419,110770784,2018-11-11
c844f0be-0964-43c6-93e1-c4460a3e1d59,66,110672109,2018-01-13
72a44385-1093-404d-9257-958bbbbfa19e,135,110879845,2022-07-02
27b44a4c-5911-45cb-ab4d-0aef07aef240,277,110959693,2015-09-08
b64fe951-9bf1-4235-9715-647480510847,442,110883466,2022-05-14
82dd6aa3-d179-464f-abe9-66fc0665bff5,351,110140193,2019-03-18
0bb3a5d5-1cf6-44e3-9022-96445ffca229,73,110992151,2016-01-26
f34a33ed-786b-48b5-b3f1-c63967fb4476,260,110526059,2022-03-12
7afe5c74-de7d-44be-aba1-2ed21953480c,473,110420200,2018-11-08
8ee9558e-613a-43aa-b60e-79faefccca92,163,110052863,2020-02-15
8b8507df-bdde-44d9-b63b-175917c0aaa6,199,110485727,2019-08-15
83dd6d9e-be30-468b-a5a6-506c11559010,478,110924890,2020-07-01
738bf60f-29e9-475a-8d4b-a47976f3e0e2,442,110739026,2018-04-13
e261a0e1-a70c-4fe2-95d1-9bf0612ee4c7,261,110198518,2020-05-26
bd2c665e-d882-479e-9be7-e79d2c2f13c0,353,110179204,2019-01-26
7c59c03f-ae2d-4d6d-8735-0b2645a3461e,137,110989596,2015-11-06
71e527de-c530-4ea4-b5c2-dd9f6bfa9490,276,110971851,2016-04-28
597e7c75-60e6-4dd1-9657-1ec26d5d9fbd,91,110002135,2017-05-20
b5b98d84-0999-4d7b-a12f-2b05d32a9bc9,307,110728812,2018-04-16
a7395b8a-8ba9-4d9e-9738-a9b106386702,317,110834761,2019-01-12
7be178a5-1454-444c-838f-b89c4a1c5689,195,110316462,2020-05-10
22a90082-4fb0-4e2f-80d5-7a2b1ea37682,227,110429712,2018-02-16
3782d93f-74bf-4c44-adbb-a77916d46f1b,12,110221036,2017-09-09
2e016a4e-742c-4025-8f56-f30379414ed2,37,110846164,2018-02-27
287c8df0-7f29-402f-89d3-a0cee7bc698a,3,110688093,2016-01-25
2de6a7b8-f81f-44cf-83ba-c4b0435898bd,448,110101220,2018-06-19
40126b0d-2ff8-41b9-ac8b-cd92ca8d35c2,40,110322095,2017-02-07
fda0004b-3108-4566-9e18-a6f8d229365b,232,110207136,2021-09-02
5bddb96b-321c-49f7-a7f0-4939875c52c1,400,110245235,2018-02-03
00e896e3-93d7-4940-afff-1c405b7bb47e,301,110914772,2019-04-07
9755c354-8162-4e60-9e30-fbc132bfcb97,408,110946329,2022-03-22
0585a2be-70a7-4803-96ba-da100bcdccbc,70,110609806,2018-10-31
5c001f8e-a302-48ef-9a8f-bb436480d066,477,110480956,2021-12-13
10335db4-78cf-4296-bad1-68a8bef4c2fd,257,110577580,2019-08-22
e246a07c-3631-4824-af9c-6547630fc8f1,366,110098231,2018-01-23
9c2c6d6b-4d75-41f0-a972-8e36766eb916,140,110500002,2022-02-22
cb2dbb6b-03c2-4f21-b2ff-e88bc7070da5,363,110409900,2015-09-09
70cbe223-892c-4a3a-ae27-360e0a6ee575,335,110391007,2015-09-22
1b9de320-4a5f-4bdf-bc16-f21a33fa7079,21,110866884,2016-03-12
7796f0d8-5d44-4450-9f64-991d2a6b67a9,361,110315697,2022-03-03
5198915c-5532-4f70-b0b5-3ec59932ef1b,494,110309556,2022-04-24
5a4fc04c-39b0-4a71-86d3-915096970cc6,179,110914984,2016-02-08
cc99775d-8f59-48fb-99c9-aeccf0d8bbf2,16,110673519,2022-01-21
da7a6e91-c164-4f1e-b0a1-7d7ec1dfdacd,8,110903227,2020-06-28
aa665ad7-343c-4a02-8e90-8a3885171eee,424,110646958,2016-12-16
1288f612-b6b4-4bc7-9199-d7dcaa222b9d,87,110558652,2019-09-02
dfb20dbe-4d3f-41b7-b6a5-c9e1e054e38a,472,110871516,2020-06-18
dde03eda-7c28-4575-885e-e47f77b43f82,25,110318898,2022-02-09
0608cb6f-9704-4d42-91f3-acefb9c1c762,263,110802233,2016-01-14
683f46a5-4d67-49e9-8076-36733030d034,366,110853062,2015-09-10
a2a5b2e4-42b9-4314-80ef-c6e8d9998bf9,275,110343138,2021-02-07
cee5cd43-73c1-42a3-af6a-d04f26ecbf99,453,110956226,2020-10-24
169d75ee-510e-4f26-8e72-4d6540cf1cd9,208,110345684,2018-03-02
c3f53240-136c-4e0b-8063-6a3e32bf8b5f,18,110041188,2019-09-17
c82a2459-4bab-4e04-8da1-2f9015c82045,108,110252951,2021-06-14
9b4be3a4-cf03-43ff-a6e3-68394d81099d,152,110761392,2019-07-25
abead32b-7796-4d0e-9ea1-0e67ffc71871,246,110875316,2015-10-12
5ea53753-fee3-45da-9392-4465a18d6b28,185,110854206,2017-08-10
dfbb2a20-7b67-43b3-bd81-99708fdeb13a,406,110283079,2022-04-21
66ceaaaa-33d6-449e-b607-0953efd2ac7d,437,110234919,2015-08-14
20f55a59-cfde-4fab-b045-b2c1601b00ac,156,110886836,2018-07-14
5e74651b-26e3-4e66-a9a7-71397ef2ac45,403,110577180,2016-08-10
27b2b6f8-368c-43a4-99f9-3da8acc44fe7,417,110372679,2019-12-10
1d9fa866-02ed-4fac-b87d-c34669c6d91f,459,110704579,2021-11-05
453beb8a-ee24-4566-bc0e-2d334584011c,340,110421992,2020-02-09
75acf4a1-19fa-408a-b756-fad427fa2acf,363,110017281,2019-06-15
69d5a9c5-9724-4afc-8967-798b7af1a615,73,110575414,2017-11-29
62927246-5b57-4209-9446-f460453dcdee,480,110997826,2016-01-23
6149ab96-d074-4f62-83a8-4d8bab648d63,452,110772714,2020-09-02
3ae52717-556b-4c31-bba5-527e99575952,128,110912052,2016-06-02
fe119e49-8acd-40a4-8fd0-eb74d9f0d172,69,110497491,2018-09-19
21a5d045-7860-4c73-bd2f-841346d99661,359,110424722,2015-07-13
1cae2605-0554-4c10-8cd0-5ec1f1d5823b,142,110976464,2022-05-07
fe4d155b-8942-4016-87a9-9e527eee0761,195,110995864,2022-01-09
7194ffb5-6584-4616-8a4d-20facda4ec55,116,110531480,2016-11-05
8615bfe5-ceca-4d58-b8a3-8a53ad8e54c7,6,110293325,2015-08-26
723d7597-d836-4a3b-b93f-0b7240541fb8,11,110630600,2016-06-21
d2752b47-8399-4acb-a81d-d08f3a32a661,442,110261523,2019-02-13
d5b63d6e-8f7e-45df-85bd-18b83825f5ae,466,110813991,2018-10-07
7291aa7d-534f-438f-8f9f-2817dcd40143,107,110411412,2019-02-21
d1c339a7-2f77-419c-9f3f-4d5be6869980,196,110995840,2018-06-13
2ef9f173-ac41-41b3-b823-398924bb56ba,125,110969495,2018-08-11
8bcf53c2-e51b-4791-83cb-9ff303697691,7,110720181,2022-03-09
25013f39-7696-4411-b128-7133bd2ab873,161,110166676,2017-04-09
af9bd6d2-b7f5-4d72-a736-170a6050dbce,109,110655198,2018-08-18
7725bbaa-9948-4af5-b09a-47be623fc14d,54,110984220,2016-10-15
36ae1ecb-97dd-4d16-9071-86d4a8cb16f1,59,110876010,2016-09-21
a54dfcf3-7618-4f12-ba81-cfdf527e55b8,135,110436143,2020-06-29
40e09e50-4a30-4504-a25c-331570cc8d36,144,110486472,2017-06-20
95c3dc58-4a95-494f-bc40-365c61700602,1,110737902,2019-04-10
bbc16405-61ad-47a7-b4f4-81212ee988fd,494,110221581,2018-10-13
88d2abdc-797d-4835-bb6d-61d507b26fc2,472,110223011,2019-07-07
9b65056c-acd8-41f4-857d-6aaeb271dde7,240,110414009,2016-11-24
fa759ba2-a4f2-43e0-80d7-125b0af82701,232,110715992,2022-03-25
0fd252ee-9543-49a3-a87f-326da17914fb,372,110156079,2020-05-28
3c746bfa-806a-48c1-b8af-0f07a25afa1e,3,110657642,2018-09-09
ff03b7fa-1710-4506-8039-0d3bd6812e17,127,110546410,2020-08-15
c0af6da2-be45-4d16-9425-3107e8e06751,483,110254017,2019-01-02
1c214a32-73ab-4548-8029-0439fd33da15,385,110078489,2020-12-26
299c79c8-fa1a-4a58-b39a-daf023fa84c7,17,110020535,2021-10-31
8529c5c4-c2ed-409a-a467-9f91f7f250e2,92,110721916,2015-09-24
35f9dc6e-d7eb-44af-a755-a666aec292fd,79,110896363,2017-05-12
7bee9621-7d25-4447-87ac-b60338cdf010,287,110715246,2015-07-31
7fc70b27-a796-4a54-95c6-1e7754837445,115,110241908,2020-07-29
78f9588e-ceb2-4c59-ad24-83cb676bcc01,444,110604385,2017-05-21
b9c2f31b-5953-4568-b3d5-3eede5845560,218,110450333,2020-10-30
9675463d-a3d4-4c2c-b175-51387770885c,408,110036557,2021-03-24
5b63f29e-e5dc-4ffb-972a-3032b7d3d6d6,435,110123557,2019-04-24
d355c5f8-ecc3-4602-b2df-ecb3e7f8ec3d,81,110158021,2019-09-02
7478385a-f4f6-44d6-8648-4c8f3a786e2b,81,110572936,2022-07-01
ce51b61a-cd33-4049-a104-ca102741a4fc,10,110280010,2021-04-16
81021965-ee95-4b5a-9d48-bc76935131f0,89,110211590,2017-10-01
6443ea42-46c4-4bc3-9124-17affa812d84,14,110123051,2021-12-03
b53282b2-8053-4657-b572-074e75c2613f,327,110893429,2020-04-10
bda4b81d-33f2-46ce-988f-371e0bfc5410,108,110832831,2016-02-07
e18683d0-8b4b-427c-b023-cf400eae6414,41,110432597,2017-04-22
f5482844-6c3e-4bc6-8aca-b1014ccad116,205,110986741,2021-03-28
9d6513d6-f7db-4085-874e-93caff4c93d2,306,110520573,2018-06-16
1e4bff5f-20a5-4330-a2f0-5fbdf81515b2,461,110631731,2015-07-13
d54d6c0f-f698-4246-9b9a-9fede1d0b97f,377,110425424,2015-08-26
caf4691e-bc1e-4fc9-8e9e-134b3d9b0be1,191,110290553,2018-09-12
d8497d82-9c81-4f62-9d7e-6c53d6cf8752,149,110671248,2018-01-25
d852dcdb-0eef-4e59-8679-1b43f43dabe5,467,110421355,2017-05-14
573c47d8-c2e7-4e0f-b11b-5b30a44141f6,259,110117366,2018-02-02
ee0288f8-d950-45ed-bb8a-5f56c98898dd,275,110716299,2019-03-09
1cc7f391-5eb0-4652-877d-52ebf04aa096,358,110707931,2020-07-30
68264958-042e-41d2-bcff-0793be71d553,67,110947375,2017-07-09
22ddb5d1-0970-45ab-9f93-6259e8a6f16c,45,110060752,2016-12-03
8a31f437-0d0e-459f-9f32-77d40a6d4d19,261,110816880,2020-08-21
3f8c4060-ec1d-42e8-9f34-80b2b02efa23,412,110114177,2015-09-29
a4f8baa4-34e4-4fda-a484-f3ff9dbf4ba8,228,110580254,2016-11-14
96f2f5b6-6b9c-4d99-a592-aa14206e6e42,495,110733642,2021-02-11
6c193a2f-8361-4808-9efa-d1a2379874dc,303,110248608,2019-07-05
a1464505-1578-4b95-9d53-91f21660a190,67,110620087,2020-01-18
da8f9f8d-b38d-4ec7-b594-041cdd7eb4f7,114,110649654,2020-09-01
05be1ca0-6511-4245-858b-706e9a361a75,160,110750979,2021-01-10
a1678c9b-ff45-4331-91aa-8f1244403031,387,110991250,2018-09-01
10cda6b8-3fb7-4e34-a3db-42b1c713bf95,91,110029867,2018-12-20
dfd18494-deee-4dab-b80d-748ddb7502b7,55,110171558,2021-08-21
4019b9e1-ff8f-4f8b-87aa-eba0396b4890,397,110789563,2017-03-02
ee0203b5-82ac-490b-aca7-d19d4f2f9d70,492,110154592,2018-06-03
e9513a54-c97f-4c94-bee0-a5a7cb88dabd,468,110260925,2016-03-06
78481104-df9e-46a9-b494-343602468979,1,110458185,2018-01-16
3fd3f963-8583-4829-8837-f50bc0424491,395,110461778,2020-08-25
3535220b-08cc-4b4b-a996-007879a80e99,302,110743322,2018-05-11
92c834a1-5bfb-4c8c-ae7b-107430aa7e45,47,110247302,2016-10-19
5e9122c4-ca3a-4443-8838-82dbeb8bd753,333,110588731,2016-12-15
7b38e066-0efc-4b88-91f3-59998c822d6f,226,110636023,2018-01-31
da396581-f51b-4b52-9b28-7826528ac79f,357,110581533,2017-01-18
472845c1-3889-4872-bd4d-5f7ab5b0cd55,441,110207322,2017-12-14
71598052-89e6-46b2-a704-d23c91321dfa,291,110991148,2017-06-04
27dc0f2b-8bf0-44cf-9eb0-e5c153a36c6a,234,110955133,2022-03-25
8c9d60a0-2afa-4773-9c39-b98e1bdbebf3,451,110379570,2020-04-09
8391795d-07cd-4886-ab05-fababd0e1846,214,110643990,2021-10-17
d0b143a9-1927-47f5-9835-37d288ea89aa,132,110052085,2016-08-12
a0407aa7-2664-4475-8e12-e928066b6535,429,110357827,2020-09-26
ad90b13b-f213-4fac-bfca-3f6a97990bd8,345,110728460,2017-12-09
74d8c9a2-768f-42ef-a92b-d43a5bd07387,39,110782368,2016-09-20
fd7f3d57-5730-4ce9-8717-661cecc91624,332,110822996,2018-04-08
6ffdec1e-abef-453d-8305-f1d839676c45,490,110059530,2021-07-03
df85a063-3553-4698-a52e-3aee2d0abc19,450,110044717,2019-01-30
921ecf7b-4d2d-4b4f-b3b3-7dbfbd67ce53,7,110205292,2018-04-08
df6af9a3-83d0-43eb-85b1-22fe977f7094,396,110748699,2021-06-22
7f0089e1-d77c-43a8-b3a3-4c6b41a92f69,476,110270202,2019-04-10
7f5e2b6a-5311-4878-9628-35364d870a31,137,110737202,2016-03-19
619cd3b8-8685-4729-b91c-d89832d853c7,170,110444361,2019-11-01
60ead297-206a-451c-9b15-9a263fb2dd3b,463,110510922,2019-06-03
d10396b7-ae33-40e9-b9d7-befb7ef39af9,68,110683016,2021-01-09
3f51a4a0-0e16-49a7-a254-4d731152789a,415,110714417,2020-01-24
3a069a5b-e860-4674-b3a3-795488cd51f6,89,110128220,2019-01-25
3b4db98f-a021-4ed5-b171-c654980f00c4,342,110807380,2021-10-23
588ae354-ce5e-4ec7-9c5f-88961e3236bb,197,110815024,2017-04-14
818df010-c11d-4249-b78c-54d67b90d664,230,110874565,2020-10-07
bb093def-3a2d-47fc-85a7-931a2fee8742,256,110728753,2017-03-30
c054ecda-0880-4396-b975-bffb4d773531,321,110946191,2016-02-20
5685b912-559d-4f83-9217-6d6e9c1ea92b,478,110662414,2022-05-06
b4c725a4-e571-43c8-aaed-a0354cc4e44d,120,110855892,2017-04-09
474872ce-a9ff-4076-abee-845a77f2786f,355,110297265,2015-09-24
44b366dd-b794-4572-b56c-6b2917e9df13,422,110308965,2016-03-09
498818e7-f6d5-4a36-b1e0-be558a5b77f3,268,110749960,2015-07-10
18e74a36-8fde-4607-8cf7-53939520314f,61,110949025,2018-10-30
6fc535ac-b768-4db7-9de4-93a171c95ce6,124,110601467,2016-07-04
9db61373-ed08-4ecd-bb95-c13d742101ab,462,110816139,2019-10-17
b64fd52b-dbfe-4e7d-93a2-6b335a196d44,130,110769804,2021-07-07
40766a2e-40f6-4484-8734-cc18fba3d1b8,447,110259347,2020-01-29
6d8d8507-d5f3-433c-ac39-81b54977035f,63,110808421,2017-06-01
071ac0d5-fb4f-4019-9e12-bc8af4648703,440,110843101,2020-06-11
d3c33265-44e3-40f6-a2c3-e92ccdf500fb,49,110749690,2016-07-26
1149c428-4bff-475d-b5c5-5eb34190f16a,347,110778570,2019-09-06
50445814-fede-47d6-a00b-36f649a58792,364,110438975,2019-04-13
ac9b0eb7-8d9e-48c6-bfc9-c4dbd7ff7fe0,339,110269976,2017-03-31
fa171621-9854-4ac7-ade7-d3db0ff697b0,187,110375233,2021-09-13
7a7094bc-9fd7-42e9-8950-7568ac3c48be,406,110186256,2017-01-08
be0f2d48-8662-4e92-ba9d-6c83479291a3,461,110863090,2021-02-27
60555aef-3a70-4216-bc3a-e5f48fb54244,342,110287532,2020-04-24
e4d23062-6aec-4ed0-8c3b-d849d009bed5,267,110939172,2020-01-24
99315e59-f3fd-4b37-862e-e495d45732bd,263,110089807,2021-11-22
95a0fea1-a75a-43d6-8238-03ef3fb0617a,2,110019397,2021-06-09
0a33b966-0f67-44a0-a382-a36f49ef795d,441,110329451,2019-09-19
deb88cfd-42d2-4777-b053-d2f9a7dd50f2,272,110476224,2016-11-12
0bdc1755-f645-4bc4-9f72-8653452e49f7,47,110990386,2015-12-18
165f1ea8-403d-4995-94ac-a1c9df9858a3,418,110661349,2020-08-28
916d0d8e-0a4b-4698-98b1-28d7e5a0ed41,407,110094516,2021-08-15
beb62e0b-98f2-4d95-8282-788d4110cab5,248,110052497,2022-05-23
1b149004-c782-4bb8-85c2-68eb7ff9fb51,328,110563351,2019-02-26
130dc0a5-a6b3-4c82-a512-959076b47455,268,110320910,2016-10-30
476df0e1-ebc2-4cb7-aa88-0c856748f7d5,108,110586587,2019-02-22
37483d4d-5758-468b-b726-eb52eb978ed5,257,110049059,2019-03-27
d37ae05b-eec1-4772-9084-2f4e6173b8f2,105,110436882,2021-10-17
d8a71492-a687-4dad-8996-b93e44b0311b,374,110170771,2016-04-05
ef41ed88-07b1-4b40-9265-9641ca8b5880,300,110860722,2022-06-27
f4b3c79c-fee0-44db-9436-b9e0392d469e,368,110702381,2022-05-23
58a03e98-8454-4f17-8d4b-e3620f3dd68c,255,110183632,2019-06-22
2fdf0b76-e7f6-4532-b0b4-0ef2c374ca5e,207,110513507,2018-11-02
c10a4e2f-529c-478d-902d-9a3a6e039673,296,110698347,2016-09-07
53d060a5-e9b2-4d2e-b19e-1d85b83e5ba4,171,110391943,2018-07-29
719cea24-869a-4824-95eb-e2df8ecf44a4,273,110966801,2016-12-02
881268b5-a90f-4be9-8de4-47d39db8abfc,203,110692525,2020-09-27
d78458a2-abef-446c-b01c-7cea473ff54f,35,110521692,2016-10-18
b5ed1f26-66fe-4958-bfd1-8b22bfb0a6ef,70,110652683,2022-04-10
64702fe5-6159-4fdd-889c-e1531fb79fdb,478,110664893,2020-12-15
477a30c9-8782-4c79-a220-9f8ba43b5bb5,280,110967795,2019-10-09
2b73f5ba-e9ff-4692-9fb8-82e106f738b2,265,110122197,2016-08-26
ab405860-7825-401c-b2ce-6b7ef73383f9,298,110476752,2021-10-14
047674c5-d329-4a35-ac9a-ff541256a77e,423,110433585,2020-03-10
8c5c2ffd-c4a1-43ab-8dc6-d76d098c3698,31,110880216,2015-07-09
4c08eea0-98fb-4c5a-85d9-0cdc95b721ca,223,110414753,2019-08-25
994c6734-71b4-4028-9d1e-e62887ca4be9,242,110765131,2019-12-07
dca7d67b-1280-41cd-a0f4-1aa0ba517dd1,168,110605716,2021-10-22
b67719eb-c243-4152-81cf-fee1a6ba41c9,131,110650785,2016-07-20
b43f9084-f629-4fea-a5ae-c9db1467a29a,76,110739732,2017-04-01
7803ae73-f781-4fd9-b021-fb1118a2df20,169,110278626,2018-09-09
c5ebb790-17c6-4fbb-a146-a5445a85e980,217,110033204,2018-04-16
a01f99fd-7f56-4c23-8d3e-e00cee32ba90,72,110136051,2018-02-13
43a60d84-7e30-432e-85fa-51c3a66279bf,64,110727243,2019-01-21
d92c309a-1970-499b-984a-15516b03bebc,36,110332853,2021-07-26
98e01e47-8b82-4c42-b291-4f10720d1b2d,438,110086457,2015-10-23
978f351d-dad0-4cf2-99e3-2132ad2ccc29,235,110266542,2016-10-20
ffa12846-ab3e-429d-acaf-9759a72eb749,196,110499932,2022-02-18
9f44340c-7e61-46a4-9f5c-4bab9b6973b4,48,110480387,2018-04-04
614391c5-e06f-4f30-86bf-2bd4ca009893,487,110080783,2016-07-06
88781479-99c4-4fd2-ab4c-2388f4f7c0b8,461,110364763,2016-06-14
d5721877-7a4c-412e-a3e2-c4bd39017e7a,242,110338980,2018-09-24
22a36909-c73b-46ca-bd50-d725faad003c,471,110041655,2020-11-15
cd203041-4a7b-4d79-ae91-1426871f2139,189,110032752,2020-03-16
b9b41d7d-90e5-4e10-9005-c1feffeb7827,325,110000915,2015-11-01
62e38eb0-00ca-46f0-ba63-f45696103353,117,110594003,2019-03-23
6bd3e358-c9fc-4847-b925-ff75d60f0e45,417,110349416,2019-03-25
2c32032d-0429-4ddd-807c-f56212d38af1,46,110227949,2017-07-18
36d0b6ab-fe0f-4923-a798-57379fe3a33c,188,110431174,2018-11-09
2c34eea9-3a43-4e76-9706-d694371420fc,459,110959608,2016-07-18
6e66c9fb-1a82-4159-8371-951245da600e,301,110366102,2015-09-02
296263a4-cc17-4d48-9dfe-fa2c3ea74b7f,191,110732376,2020-11-01
8eb12a3e-2911-4031-a1d9-92078544039a,402,110695867,2016-07-26
08f8b13f-fe9d-442a-ae28-7cf2012799db,372,110377256,2021-12-22
5719ee40-a1bd-4cf2-9387-4996245a9919,216,110314934,2019-03-21
865b0e5d-9937-45fc-a5d6-49410233649b,448,110235187,2019-11-15
47082319-31b3-4ceb-ba20-821156aefc5d,119,110013488,2017-11-30
fe6e0c24-a29c-4273-84ca-161be999e745,492,110490526,2018-09-21
f6a9e6bf-ae86-4445-9825-559448d432b3,278,110429691,2015-07-18
176f1319-7759-483f-b458-74ea8c10545c,326,110673183,2016-09-01
695a67e3-56f8-45bf-8279-e47a094783ce,101,110885908,2020-07-17
33e82138-bf0c-4659-b470-1088382cc503,17,110086290,2017-08-05
8d6504cd-ce66-4f8c-9d2e-caa96d475f38,40,110489625,2016-06-30
dc1ca8df-9aa0-4fd0-ab0e-203bbb1f5c75,324,110326997,2020-09-08
31e0fe3c-e358-4e94-aae2-e743980bfa30,160,110066179,2020-10-29
61f5169e-17a3-4c6f-863c-edc6d5bc27ae,305,110088611,2016-03-18
f5e448ac-2137-4666-b657-271bb6871b41,40,110547325,2019-02-24
4adce415-551a-4e81-8e96-899d3d0eacc2,59,110086121,2020-02-24
f14b7542-1524-4150-ab6f-e4ca392a2731,454,110271236,2020-04-19
7262dbc3-bc21-4a32-8899-07456b6d823f,269,110599205,2016-11-01
e5eb4543-1ba5-42bb-b4c6-a50a0d644fc1,104,110128885,2016-01-13
4356f43e-6388-4e6f-acb7-f7fb8414f125,408,110400596,2016-07-01
882eec8c-c61e-453a-a2d3-c645f1e97ad3,166,110470562,2018-06-01
10f48886-f26d-491c-8724-75cca0fa1416,429,110777884,2018-08-27
79334bcb-3f31-4456-bebe-06d962b33564,469,110968568,2019-02-15
ca96f100-dbc7-423f-8996-18b4fec7383b,221,110086304,2020-02-27
1e11dbc2-6c95-4c72-80b4-f0e0e1d0ddda,392,110548635,2017-12-28
44d65922-3384-4d79-bb30-18ef14466eb7,149,110502887,2016-06-22
234cd216-472d-4055-9c67-4367f8ad7ad1,497,110554876,2020-06-08
c70354c5-c584-4d38-93bb-cc5314bc78dd,31,110031971,2015-11-28
b55a1dea-b732-4793-b898-bc9145b66847,193,110617172,2018-03-16
06c6dc4f-f58a-4001-90dc-448399f39099,52,110564812,2015-07-20
6844cf88-69d2-4071-aec1-f3e833894e89,409,110352669,2016-07-29
e21c8446-0d76-4356-8037-8180e1569c5a,237,110604349,2019-06-08
352b8a5f-79ce-49d0-a048-a4c9571eda0f,8,110993857,2015-09-06
6f76b105-5542-4e22-9d68-5329c4cd84b4,42,110391656,2018-08-26
194067f4-9f2e-48b3-90d9-75fc5494400f,23,110900539,2020-01-05
fa2b1604-b232-4acb-bb0d-16051901ab6a,111,110510385,2016-01-04
c2bb5b83-82b6-4216-a813-6809624e6741,435,110127159,2016-08-15
d4d231da-2b2c-47d9-a109-25592a5373bb,90,110884405,2018-04-13
8b9b7110-8cfa-47f0-88bc-435587696888,387,110663765,2016-06-04
c0f280d4-7739-4da6-a2e1-b837a91f21c5,296,110355837,2021-01-13
70611013-b62f-47d1-9e57-c09bcfe64b33,238,110105888,2018-11-19
744f8bd7-a21b-4453-a2c7-9db0590d6510,489,110918765,2022-01-01
91f98ce5-6c41-499a-a76f-af9f5e839b25,440,110004324,2019-02-11
3494068f-ce1b-4b57-820e-537e9ac7978e,319,110927846,2017-11-07
42bd6274-d28d-406f-b0f3-863ea292b6ae,191,110044525,2019-07-21
062eb877-42e4-4d5c-90c4-ebe86405d382,156,110836220,2020-01-21
a13a3240-23b6-42c1-8846-8c1ca26fad70,307,110067184,2017-08-20
c4621b4b-819f-429d-a672-c872b173cc50,397,110617498,2016-09-13
778d470e-b4f0-480b-a042-967636c9d215,50,110939393,2019-09-03
bd458f11-d012-40c0-bcca-7797935717e1,462,110770756,2021-03-14
2d72fc52-0ad6-4efb-a4fb-4d6ada5998f7,160,110322915,2018-04-14
d61cdc28-35fa-4066-8f73-9f723ffc623e,494,110653679,2018-05-09
6721be03-553f-49d0-ae54-003d419ad97d,481,110680041,2015-10-11
fbdf597e-0260-4948-85d9-665d2403f296,79,110068891,2017-01-07
4a3cc721-050b-40c0-b189-9b66e0a95616,224,110032458,2022-02-24
fca0d272-8ae0-4159-a2cf-2d552b95b5c0,128,110760785,2019-10-26
493c5536-731a-4c9a-b1b6-ea41083d8713,363,110318891,2015-11-28
55cd5683-7f2a-41b3-9698-314787fe18db,247,110111064,2020-04-16
3c27aad0-30a7-4afd-b6ca-6d9679128342,163,110525434,2018-09-27
56c86320-bfa3-4804-87ef-b1736bfd9ef0,436,110657911,2018-06-22
30bc1936-52fd-47d6-b418-fd9f15aa2cf2,31,110896558,2016-04-19
f920ad39-fcfe-4fdc-9f7c-c2252cc3c08b,42,110137229,2016-03-23
98c92a45-b2c0-42f9-b163-a403fd601f69,443,110070309,2021-05-23
9f051f2a-849e-4e62-a227-39d0bf3a2900,322,110242582,2019-04-02
a2a49550-700b-495f-bb02-23254213cbe8,338,110349489,2017-06-02
b874af78-1e30-4ca8-aac2-776a8dca2b0e,330,110176940,2016-05-25
648cb6e6-74bb-424c-8a67-ce146dbacc3e,181,110296332,2015-08-25
86042d79-02ab-49b2-b099-a00929f0869a,436,110591573,2017-02-13
72bc66de-c367-4bee-9a18-8dec84725046,14,110259225,2015-12-06
bffb1bc9-1e1b-48b1-aec6-98c7ed0731e9,338,110042268,2020-10-31
750dca1a-a3c6-4e64-9509-df5514f898fd,108,110744968,2018-05-03
06389e56-ffaf-4a16-902d-28110c63a9c0,474,110933951,2021-06-12
0416b6e2-29dc-4257-8b3a-3419c4828fcd,225,110836047,2019-10-17
aa9c2a8d-3838-4888-a5f6-7baee0e7f74a,411,110739174,2021-04-12
aecd0e15-0186-4e27-b6ad-a15e4644e72c,170,110080224,2018-05-12
239b0be2-df04-4265-b482-32250badc86d,376,110305280,2015-07-19
145110ec-9037-45d2-ad93-6d960e997973,436,110483416,2020-10-05
6e6ecaed-163e-4c46-8861-2803f85a303a,107,110559157,2022-06-14
fd2f9ad1-b292-444b-b675-8f1a19390c78,499,110717704,2021-11-28
8042c12c-f2e0-4ea9-b2fe-3bbcbf3d173f,292,110743878,2020-03-12
dbf48217-d5d4-4d5c-bfad-1eefd6e6a7a3,189,110544085,2018-11-06
4950d608-983d-4726-859e-834319979b71,378,110301736,2016-10-10
9b1e01d1-e428-488d-9a6a-92f418aefc80,328,110005545,2015-08-11
4eb6e037-ed0c-4dab-b392-c4b702b1de58,411,110296849,2021-10-24
55040306-3966-4b3a-a450-3621d9cb9131,55,110214079,2020-09-23
81bac276-3594-43d2-8b91-f955ca7c18e3,317,110049088,2016-12-23
6965411b-24d8-4938-be9e-a67cc32fc48c,43,110804034,2020-03-29
b0b1b7f5-c941-4b0d-aeab-41f2872a28cb,26,110374630,2019-08-10
b3b0094b-9861-42e6-b410-d53a9399fa61,140,110175722,2022-03-23
dd2725cc-3a83-4e50-8fe0-be77f8a508b8,366,110604455,2018-04-21
5c526860-c3de-4b36-b985-5afc07982fee,460,110671444,2021-10-19
ed0e31f1-63f3-4948-9149-e2492a8a8bf7,346,110080073,2020-11-01
2d3bb157-e178-4c7a-8b81-7267f67623ad,321,110726169,2018-05-15
49b4f798-08c5-4664-af0d-d903345f31e6,70,110457209,2019-08-11
809fa2f7-6b64-414d-af57-d5cb24625f41,361,110900792,2021-12-25
04ca0441-21ab-42ef-990a-2edef3ec1aca,439,110702872,2016-03-22
6d0cf219-f099-4a31-90d3-52749a45296c,146,110502289,2018-10-06
6148ce30-6ab4-443f-a325-dd7100d3cc82,394,110206174,2017-04-04
ebdc782a-9dcc-484b-937f-1a336ac6ffd4,486,110899317,2020-10-04
46be210c-ad22-40be-9910-89c10e8c7ebf,296,110257133,2017-09-12
64896012-2b3a-472a-9d1f-bda46f4cd41e,251,110191165,2021-05-06
c1b10a43-d1be-4a95-8374-cc12b2b9f49f,339,110265362,2021-10-12
